Colección,Handle,Productos,Palabras descripción,Tiene title SEO,Tiene meta description
Correctores,correctores,0,0,no,no
Tarjetas de Regalo,tarjetas-de-regalo,0,0,no,no
Boj,boj,0,0,no,no
Fragances,fragances,0,28,no,no
Supplements,supplements,0,0,no,no
Nail care,nail-care,0,0,no,no
Baby care ⸜❤︎⸝,baby-care,0,30,no,no
Beauty Electronics,beauty-electronics,0,0,no,no
coleccion robertito,coleccion-robertito,0,0,no,no
Labios,labios,0,0,no,no
Hyaluronic,hyaluronic,0,0,no,no
Página de inicio,frontpage,1,0,no,no
Bases & Cushions,bases-cushions,1,0,no,no
Miniaturas & Travel Kits,miniaturas-travel-kits,1,0,no,no
pigmentacion,pigmentacion-1,1,0,no,no
Beauty Tools,beauty-tools,1,0,no,no
★ K-MATCH - 2X1 SAN VALENTINE 𖹭,2x1-san-valentin,2,18,no,no
Elroel,elroel,2,20,sí,sí
Seapuri,seapuri,2,18,sí,sí
Dr. Reju-All,dr-reju-all,2,19,sí,sí
fwee,fwee-1,2,0,no,no
Kojic Acid,kojic-acid,2,0,no,no
Pre-bases,pre-bases,3,0,no,no
Sombras,sombras,3,0,no,no
Proteccion,proteccion,3,0,no,no
Common Labs,common-labs,4,0,no,no
Eqqualberry,eqqualberry,4,32,no,no
Growus,growus,4,21,sí,sí
Esther Formula,esther-formula,4,18,sí,sí
D´ALBA,d-alba,4,14,sí,no
Kahi,kahi,4,20,sí,no
Óleos Capilares,oleos-capilares,4,0,no,no
Delineador,delineador,4,0,no,no
OFERTAS BOMBA !!,ofertas-bomba-1,4,0,no,no
Biodance,biodance,5,19,no,no
Baby Care,baby-care-1,5,0,no,no
Furriky,furriky,5,13,sí,sí
Frankly,frankly,5,25,sí,sí
Prelude by Dinto,prelude-by-dinto,5,29,sí,sí
HeveBlue,heveblue,5,27,sí,sí
Iunik,iunik,5,13,sí,no
Sungboon Editor,sungboon-editor,5,22,sí,no
Tónicos capilares,tonicos-capilares,5,0,no,no
Cuero cabelludo sensible,cuero-cabelludo-sensible,5,0,no,no
Máscara de pestañas,mascara-de-pestanas,6,0,no,no
Mom Glow Week,mom-glow-week,6,0,no,no
Haruharu Wonder,haruharu-wonder,6,28,sí,sí
Elizavecca,elizavecca,6,26,no,sí
Kundal,kundal,6,21,sí,no
Fully,fully,6,20,sí,no
Menokin,menokin,6,26,sí,no
Brumas Capilares,brumas-capilares,6,0,sí,no
Con Rulos,con-rulos,6,0,sí,no
Caspa,caspa,6,0,no,no
Fwee,fwee,7,29,no,no
Cejas,cejas,7,0,no,no
Piel oleosa,piel-oleosa,7,0,no,no
Aromatica,aromatica,7,21,sí,sí
Jumiso,jumiso,7,23,sí,sí
Baren,baren,7,12,sí,sí
AXIS-Y,axis-y,7,36,sí,sí
Moev,moev,7,19,sí,sí
Heimish,heimish,7,10,sí,sí
OBgE,obge,7,14,sí,no
Purito Seoul,purito-seoul,8,29,no,sí
BB Lab,bblab,8,24,sí,sí
Foodology,foodology,8,20,sí,sí
Torriden,torriden,8,16,sí,sí
Cabello Graso,cabello-graso,8,0,sí,no
Home - Best Sellers,home-best-sellers,9,0,no,no
Men's Care,mens-care,9,0,sí,sí
Dear A,dear-a,9,32,no,sí
Peripera,peripera,9,22,sí,no
Ma:nyo,ma-nyo,9,24,sí,no
MANYO,manyo,9,24,no,no
Cabello Opaco,cabello-opaco,9,0,sí,no
Puntas Quebradizas,puntas-quebradizas,9,0,sí,no
Beauty Devices,beauty-devices,9,15,no,no
Skin1004 TECA,skin1004-teca,9,0,no,no
APLB,aplb-1,9,0,no,no
Abib,abib,10,22,no,no
K-Secret,s-nature,10,26,no,no
Rubor & Iluminador,rubor-iluminador,10,0,no,no
sets,sets-2,10,0,no,no
Pyunkang yul,pyunkang-yul,10,28,sí,sí
Numbuzin,numbuzin,10,14,sí,sí
Meditherapy,meditherapy,10,10,sí,sí
Tratamientos Capilares,tratamientos-capilares,10,0,no,sí
Ampollas y serums Capilares,ampollas-capilares,10,0,sí,no
Abib,abib-1,10,0,no,no
set,set,11,0,no,no
Arencia,arencia,11,28,sí,sí
Skybottle,skybottle,11,25,sí,sí
A by Unleashia,a-by-unleashia,11,5,no,no
Anti Acné,anti-acne,12,0,no,no
Some By Mi,some-by-mi,12,18,sí,sí
Wakemake,wakemake,12,17,sí,no
Frizz,frizz,12,0,no,no
Accesorios K-Beauty,accesorios-k-beauty,13,0,no,no
Konjac,konjac,13,0,no,no
Shampoo,shampoo,13,0,sí,sí
Resequedad,resequedad,13,0,no,no
Centellian24,centellian24,14,21,sí,sí
Medipeel,medipeel,14,16,sí,sí
Madeca21,madeca21,14,26,sí,no
Bioheal BOH,bioheal-boh,14,17,no,no
Anticaída y crecimiento,anticaida-y-crecimiento,14,0,no,no
Base,base,14,0,no,no
Unleashia,unleashia,15,46,no,no
Demon Hunters x Anua,demon-hunters-x-anua,15,0,no,no
Los más virales ⚡︎,trending,16,6,no,sí
Nuevos Lanzamientos Skinko,nuevos-lanzamientos-skinko,16,0,no,no
Mary&May,mary-may,16,16,sí,no
Bringgreen,bringgreen,16,16,sí,no
Cabello Teñido,cabello-tenido,16,0,sí,no
Cabello Seco,cabello-seco,16,0,sí,no
TirTir,tirtir,17,38,no,no
Mixsoon,mixsoon,18,15,no,no
Tocobo,tocobo,18,32,no,no
Dr.Melaxin,dr-melaxin,19,12,sí,no
Cabello Fino,cabello-fino,19,0,sí,no
Body Care,body-care,19,11,no,no
Beauty of Joseon,beauty-of-joseon-1,20,21,no,no
Dr. Althea,dr-althea,20,17,no,no
Round Lab,round-lab,20,28,no,no
Lip Care,lip-care,20,0,no,no
¡OFERTAS BOMBA!,ofertas-bomba,20,3,no,no
K-Wellness,k-wellness,20,6,no,no
Contorno de ojos,contorno-de-ojos,22,0,no,no
Home - Make up que sigue tus reglas,home-make-up-que-sigue-tus-reglas,22,0,no,no
Daily Comma,daily-comma,24,15,sí,sí
Desmaquillante,desmaquillante,28,25,sí,sí
Lip Tints & Bálsamos,lip-tints-balsamos,29,0,no,no
Fillimilli,fillimilli,30,13,sí,no
NEW IN - SKINKO,new-in-skinko,34,6,no,no
VT Cosmetics,vt-cosmetics,38,52,no,no
Cosrx,cosrx,38,30,no,no
Celimax,celimax-1,42,28,no,no
Celimax,celimax,42,39,no,no
Acné,acne,43,0,no,no
Sets,sets,44,0,no,no
Protectores solares,protectores-solares,46,0,no,no
Medicube,medicube,47,31,no,no
Skin1004,skin-1004,49,39,no,no
Anua,anua-gentle-yet-effective-skincare-coreano,50,17,no,no
Coony,coony,51,8,no,no
Limpiadores,limpiadores,58,0,no,no
Exfoliantes,exfoliantes,58,0,no,no
Toners & Esencias,toners-esencias,65,0,no,no
Piel Oleosa,piel-grasa,68,0,no,no
Hair Care,hair-care,68,10,sí,sí
Piel Seca,piel-seca,70,0,no,no
K-Pharmacyst,k-pharmacyst,72,0,no,no
Piel Mixta,piel-mixta,75,0,no,no
Pigmentación,pigmentacion,77,0,no,no
-`𖹭´- Make up para tu era glow ✧˖°,ver-todo-en-maquillaje,89,5,no,no
Rosácea,rosacea,101,0,no,no
Cremas & Sleeping Masks,cremas-sleeping-masks,111,0,no,no
Mascarillas,mascarillas,112,0,no,no
Poros & Puntos negros,poros-puntos-negros,125,0,no,no
Piel Sensible,piel-sensible,141,0,no,no
Arrugas & Firmeza,arrugas-firmeza,149,0,no,no
Serums & Ampoules,serums-ampoules,194,0,no,no
⭒⋆ skincare para tu rutina diaria ⋆✩,ver-todo-en-skincare,231,5,no,no
｡⋆ Todos los productos ⋆✴︎,todos-los-productos,977,0,no,no
